date,month,day_of_week,is_weekend,is_peak_season,occupancy_rate,rooms_occupied,adr,revenue,revpar
2023-01-01,1,6,0,1,0.7852358539877216,118,225.47,26605.46,177.37
2023-01-02,1,0,0,1,0.7180829864687972,108,229.39,24774.12,165.16
2023-01-03,1,1,0,1,0.8076869433519667,121,223.5,27043.5,180.29
2023-01-04,1,2,0,1,0.8172748111620265,123,227.23,27949.29,186.33
2023-01-05,1,3,0,1,0.6727770076905959,101,226.26,22852.26,152.35
2023-01-06,1,4,1,1,0.8253019835609937,124,256.22,31771.28,211.81
2023-01-07,1,5,1,1,0.8968851708432958,135,256.46,34622.1,230.81
2023-01-08,1,6,0,1,0.7547632128485743,113,212.04,23960.52,159.74
2023-01-09,1,0,0,1,0.7698174763713609,115,207.02,23807.3,158.72
2023-01-10,1,1,0,1,0.7280875296487183,109,233.01,25398.09,169.32
2023-01-11,1,2,0,1,0.8147918165513606,122,234.5,28609.0,190.73
2023-01-12,1,3,0,1,0.8097937063604885,121,216.84,26237.64,174.92
2023-01-13,1,4,1,1,0.8942878362479239,134,235.12,31506.08,210.04
2023-01-14,1,5,1,1,0.9474305534990866,142,250.79,35612.18,237.41
2023-01-15,1,6,0,1,0.7945261520441091,119,232.45,27661.55,184.41
2023-01-16,1,0,0,1,0.7282682535681668,109,239.38,26092.42,173.95
2023-01-17,1,1,0,1,0.7897526076972756,118,229.13,27037.34,180.25
2023-01-18,1,2,0,1,0.7234531302325227,109,222.03,24201.27,161.34
2023-01-19,1,3,0,1,0.8154019671201581,122,217.85,26577.7,177.18
2023-01-20,1,4,1,1,0.8890653482863038,133,250.09,33261.97,221.75
2023-01-21,1,5,1,1,0.8824007174391754,132,247.61,32684.52,217.9
2023-01-22,1,6,0,1,0.7376795501770632,111,216.88,24073.68,160.49
2023-01-23,1,0,0,1,0.8329352861117837,125,241.39,30173.75,201.16
2023-01-24,1,1,0,1,0.764163936855464,115,239.28,27517.2,183.45
2023-01-25,1,2,0,1,0.7505562116315706,113,234.09,26452.17,176.35
2023-01-26,1,3,0,1,0.7544481169961365,113,217.63,24592.19,163.95
2023-01-27,1,4,1,1,0.9187524455790372,138,256.84,35443.92,236.29
2023-01-28,1,5,1,1,0.9104913813003956,137,255.12,34951.44,233.01
2023-01-29,1,6,0,1,0.792938000442813,119,228.54,27196.26,181.31
2023-01-30,1,0,0,1,0.7939246117942297,119,235.0,27965.0,186.43
2023-01-31,1,1,0,1,0.8795481334681806,132,230.08,30370.56,202.47
2023-02-01,2,2,0,1,0.7522271943862486,113,230.92,26093.96,173.96
2023-02-02,2,3,0,1,0.7470180005327245,112,230.1,25771.2,171.81
2023-02-03,2,4,1,1,0.8520236923547294,128,252.73,32349.44,215.66
2023-02-04,2,5,1,1,0.92359349167672,139,235.73,32766.47,218.44
2023-02-05,2,6,0,1,0.8293253269648116,124,225.67,27983.08,186.55
2023-02-06,2,0,0,1,0.7672615312268453,115,220.55,25363.25,169.09
2023-02-07,2,1,0,1,0.7310332720422845,110,214.76,23623.6,157.49
2023-02-08,2,2,0,1,0.7318992268866709,110,238.45,26229.5,174.86
2023-02-09,2,3,0,1,0.80573511884329,121,238.83,28898.43,192.66
2023-02-10,2,4,1,1,0.9304503797930489,140,260.87,36521.8,243.48
2023-02-11,2,5,1,1,0.9205275764289584,138,252.04,34781.52,231.88
2023-02-12,2,6,0,1,0.7401765694300859,111,235.81,26174.91,174.5
2023-02-13,2,0,0,1,0.7851423127286785,118,225.1,26561.8,177.08
2023-02-14,2,1,0,1,0.7794507288132009,117,226.62,26514.54,176.76
2023-02-15,2,2,0,1,0.784633059973437,118,216.25,25517.5,170.12
2023-02-16,2,3,0,1,0.8173522608152177,123,228.18,28066.14,187.11
2023-02-17,2,4,1,1,0.9050427911373643,136,250.48,34065.28,227.1
2023-02-18,2,5,1,1,0.9278908836330468,139,239.58,33301.62,222.01
2023-02-19,2,6,0,1,0.7774063507347186,117,224.59,26277.03,175.18
2023-02-20,2,0,0,1,0.7885655589755951,118,224.36,26474.48,176.5
2023-02-21,2,1,0,1,0.8057561921138449,121,239.38,28964.98,193.1
2023-02-22,2,2,0,1,0.7014161816099564,105,232.15,24375.75,162.5
2023-02-23,2,3,0,1,0.7583726035656966,114,225.09,25660.26,171.07
2023-02-24,2,4,1,1,0.8709197234497439,131,251.99,33010.69,220.07
2023-02-25,2,5,1,1,0.8625766555330384,129,250.35,32295.15,215.3
2023-02-26,2,6,0,1,0.7608456271646933,114,223.38,25465.32,169.77
2023-02-27,2,0,0,1,0.8494319970685692,127,216.34,27475.18,183.17
2023-02-28,2,1,0,1,0.7314755675030091,110,223.79,24616.9,164.11
2023-03-01,3,2,0,0,0.6032632327980673,90,174.03,15662.7,104.42
2023-03-02,3,3,0,0,0.4707880182685249,71,170.0,12070.0,80.47
2023-03-03,3,4,1,0,0.6582694471308483,99,209.09,20699.91,138.0
2023-03-04,3,5,1,0,0.6832335436662093,102,208.13,21229.26,141.53
2023-03-05,3,6,0,0,0.5844891987597448,88,165.71,14582.48,97.22
2023-03-06,3,0,0,0,0.5908216029622455,89,179.02,15932.78,106.22
2023-03-07,3,1,0,0,0.595009827513421,89,187.97,16729.33,111.53
2023-03-08,3,2,0,0,0.5379884039218248,81,188.47,15266.07,101.77
2023-03-09,3,3,0,0,0.5323892596818401,80,188.21,15056.8,100.38
2023-03-10,3,4,1,0,0.7184878351587481,108,205.31,22173.48,147.82
2023-03-11,3,5,1,0,0.6661060166326316,100,198.24,19824.0,132.16
2023-03-12,3,6,0,0,0.4919691084906382,74,171.33,12678.42,84.52
2023-03-13,3,0,0,0,0.49917125573818216,75,182.76,13707.0,91.38
2023-03-14,3,1,0,0,0.5099451939190975,76,183.03,13910.28,92.74
2023-03-15,3,2,0,0,0.5808580372026882,87,190.3,16556.1,110.37
2023-03-16,3,3,0,0,0.5632034785843503,84,188.8,15859.2,105.73
2023-03-17,3,4,1,0,0.7106886512650323,107,203.94,21821.58,145.48
2023-03-18,3,5,1,0,0.6548839430256391,98,195.05,19114.9,127.43
2023-03-19,3,6,0,0,0.5642557516771234,85,177.45,15083.25,100.56
2023-03-20,3,0,0,0,0.5876904786024765,88,181.74,15993.12,106.62
2023-03-21,3,1,0,0,0.5410258236989196,81,178.38,14448.78,96.33
2023-03-22,3,2,0,0,0.5794141043436241,87,175.38,15258.06,101.72
2023-03-23,3,3,0,0,0.5235612371932428,79,182.02,14379.58,95.86
2023-03-24,3,4,1,0,0.6585870336991437,99,200.97,19896.03,132.64
2023-03-25,3,5,1,0,0.6577350231083028,99,199.98,19798.02,131.99
2023-03-26,3,6,0,0,0.49711212730958915,75,182.49,13686.75,91.24
2023-03-27,3,0,0,0,0.5813349254091421,87,176.78,15379.86,102.53
2023-03-28,3,1,0,0,0.5335983761405487,80,181.95,14556.0,97.04
2023-03-29,3,2,0,0,0.5577753908678913,84,182.19,15303.96,102.03
2023-03-30,3,3,0,0,0.5812702096576242,87,170.88,14866.56,99.11
2023-03-31,3,4,1,0,0.699641627294648,105,201.15,21120.75,140.8
2023-04-01,4,5,1,0,0.710666515722612,107,216.5,23165.5,154.44
2023-04-02,4,6,0,0,0.5525551778293234,83,170.7,14168.1,94.45
2023-04-03,4,0,0,0,0.5363967282334088,80,163.07,13045.6,86.97
2023-04-04,4,1,0,0,0.5536579250711184,83,165.11,13704.13,91.36
2023-04-05,4,2,0,0,0.4733593056993588,71,180.23,12796.33,85.31
2023-04-06,4,3,0,0,0.4854525955569278,73,180.25,13158.25,87.72
2023-04-07,4,4,1,0,0.611755430341184,92,204.06,18773.52,125.16
2023-04-08,4,5,1,0,0.628110261359652,94,214.71,20182.74,134.55
2023-04-09,4,6,0,0,0.5780435058567198,87,158.62,13799.94,92.0
2023-04-10,4,0,0,0,0.5128630335333668,77,183.17,14104.09,94.03
2023-04-11,4,1,0,0,0.5393110503802223,81,192.49,15591.69,103.94
2023-04-12,4,2,0,0,0.623262784752317,93,170.98,15901.14,106.01
2023-04-13,4,3,0,0,0.5405703630907643,81,176.96,14333.76,95.56
2023-04-14,4,4,1,0,0.7153415318480119,107,198.98,21290.86,141.94
2023-04-15,4,5,1,0,0.6318670612049856,95,197.85,18795.75,125.3
2023-04-16,4,6,0,0,0.5483582590929199,82,177.39,14545.98,96.97
2023-04-17,4,0,0,0,0.5112112260215942,77,191.42,14739.34,98.26
2023-04-18,4,1,0,0,0.541842866752917,81,194.7,15770.7,105.14
2023-04-19,4,2,0,0,0.6008921192016369,90,177.31,15957.9,106.39
2023-04-20,4,3,0,0,0.4725928829499716,71,195.24,13862.04,92.41
2023-04-21,4,4,1,0,0.7007622780677039,105,205.28,21554.4,143.7
2023-04-22,4,5,1,0,0.6910100677878468,104,219.03,22779.12,151.86
2023-04-23,4,6,0,0,0.5294979816672151,79,179.25,14160.75,94.4
2023-04-24,4,0,0,0,0.48698477851345395,73,181.05,13216.65,88.11
2023-04-25,4,1,0,0,0.5629763383993921,84,182.92,15365.28,102.44
2023-04-26,4,2,0,0,0.5329774193413304,80,205.43,16434.4,109.56
2023-04-27,4,3,0,0,0.5711680571430777,86,186.81,16065.66,107.1
2023-04-28,4,4,1,0,0.6807090456323366,102,199.34,20332.68,135.55
2023-04-29,4,5,1,0,0.7597875747030322,114,212.75,24253.5,161.69
2023-04-30,4,6,0,0,0.5478130405441571,82,177.11,14523.02,96.82
2023-05-01,5,0,0,0,0.508688139067537,76,176.08,13382.08,89.21
2023-05-02,5,1,0,0,0.5689089872272679,85,187.27,15917.95,106.12
2023-05-03,5,2,0,0,0.5710272314588624,86,180.25,15501.5,103.34
2023-05-04,5,3,0,0,0.6280689678031178,94,182.23,17129.62,114.2
2023-05-05,5,4,1,0,0.7219473431176469,108,205.11,22151.88,147.68
2023-05-06,5,5,1,0,0.6981175255602152,105,207.69,21807.45,145.38
2023-05-07,5,6,0,0,0.6335213089445398,95,183.4,17423.0,116.15
2023-05-08,5,0,0,0,0.5010002034482411,75,164.5,12337.5,82.25
2023-05-09,5,1,0,0,0.5285329713077181,79,185.33,14641.07,97.61
2023-05-10,5,2,0,0,0.5142739426557512,77,172.14,13254.78,88.37
2023-05-11,5,3,0,0,0.541194441349061,81,168.46,13645.26,90.97
2023-05-12,5,4,1,0,0.6119328159098558,92,204.53,18816.76,125.45
2023-05-13,5,5,1,0,0.7126068624092134,107,205.67,22006.69,146.71
2023-05-14,5,6,0,0,0.5498203719943765,82,174.45,14304.9,95.37
2023-05-15,5,0,0,0,0.48747338390500417,73,186.65,13625.45,90.84
2023-05-16,5,1,0,0,0.510316936350582,77,169.26,13033.02,86.89
2023-05-17,5,2,0,0,0.5768537745642907,87,176.74,15376.38,102.51
2023-05-18,5,3,0,0,0.6031666023673219,90,175.32,15778.8,105.19
2023-05-19,5,4,1,0,0.7811790103380141,117,204.63,23941.71,159.61
2023-05-20,5,5,1,0,0.8271177808346131,124,207.23,25696.52,171.31
2023-05-21,5,6,0,0,0.5822273209788684,87,171.94,14958.78,99.73
2023-05-22,5,0,0,0,0.5121121350942972,77,185.79,14305.83,95.37
2023-05-23,5,1,0,0,0.45506891884014694,68,180.5,12274.0,81.83
2023-05-24,5,2,0,0,0.5751389977747261,86,164.86,14177.96,94.52
2023-05-25,5,3,0,0,0.5211885616728399,78,164.33,12817.74,85.45
2023-05-26,5,4,1,0,0.6611499452101939,99,204.9,20285.1,135.23
2023-05-27,5,5,1,0,0.6513951600470096,98,203.23,19916.54,132.78
2023-05-28,5,6,0,0,0.5550426474600028,83,179.17,14871.11,99.14
2023-05-29,5,0,0,0,0.6154633951010261,92,179.78,16539.76,110.27
2023-05-30,5,1,0,0,0.570099003714733,86,181.8,15634.8,104.23
2023-05-31,5,2,0,0,0.5543970252713533,83,187.58,15569.14,103.79
2023-06-01,6,3,0,1,0.730628271262819,110,216.11,23772.1,158.48
2023-06-02,6,4,1,1,0.8187590034497136,123,240.62,29596.26,197.31
2023-06-03,6,5,1,1,0.8782599470120869,132,241.25,31845.0,212.3
2023-06-04,6,6,0,1,0.7799684067056594,117,227.31,26595.27,177.3
2023-06-05,6,0,0,1,0.8711362217063914,131,234.96,30779.76,205.2
2023-06-06,6,1,0,1,0.7893356438818635,118,221.55,26142.9,174.29
2023-06-07,6,2,0,1,0.832041085140194,125,204.99,25623.75,170.82
2023-06-08,6,3,0,1,0.7580215214429055,114,211.37,24096.18,160.64
2023-06-09,6,4,1,1,0.8438213048298338,127,243.34,30904.18,206.03
2023-06-10,6,5,1,1,0.8548948468198883,128,245.54,31429.12,209.53
2023-06-11,6,6,0,1,0.7469715734855411,112,221.73,24833.76,165.56
2023-06-12,6,0,0,1,0.889738555114909,133,225.31,29966.23,199.77
2023-06-13,6,1,0,1,0.7423279263127534,111,222.51,24698.61,164.66
2023-06-14,6,2,0,1,0.8254039122416118,124,233.39,28940.36,192.94
2023-06-15,6,3,0,1,0.7384152849312651,111,219.59,24374.49,162.5
2023-06-16,6,4,1,1,0.9502224862601506,143,243.1,34763.3,231.76
2023-06-17,6,5,1,1,0.9229735757025535,138,253.83,35028.54,233.52
2023-06-18,6,6,0,1,0.7759763242951777,116,212.71,24674.36,164.5
2023-06-19,6,0,0,1,0.7818522846521324,117,228.12,26690.04,177.93
2023-06-20,6,1,0,1,0.7512332179682565,113,225.82,25517.66,170.12
2023-06-21,6,2,0,1,0.8063584045946519,121,223.82,27082.22,180.55
2023-06-22,6,3,0,1,0.7613878122843308,114,237.71,27098.94,180.66
2023-06-23,6,4,1,1,0.8429388898938294,126,245.02,30872.52,205.82
2023-06-24,6,5,1,1,0.8404044911470328,126,266.48,33576.48,223.84
2023-06-25,6,6,0,1,0.7930129575299416,119,223.2,26560.8,177.07
2023-06-26,6,0,0,1,0.8634203162451792,130,214.78,27921.4,186.14
2023-06-27,6,1,0,1,0.7925475258841513,119,225.56,26841.64,178.94
2023-06-28,6,2,0,1,0.7786982206808072,117,216.39,25317.63,168.78
2023-06-29,6,3,0,1,0.7990036357472504,120,218.99,26278.8,175.19
2023-06-30,6,4,1,1,0.9700946076332864,146,253.18,36964.28,246.43
2023-07-01,7,5,1,1,0.9158458373969599,137,254.44,34858.28,232.39
2023-07-02,7,6,0,1,0.7644125425679021,115,220.02,25302.3,168.68
2023-07-03,7,0,0,1,0.8403555313934054,126,232.9,29345.4,195.64
2023-07-04,7,1,0,1,0.8065611095943135,121,234.26,28345.46,188.97
2023-07-05,7,2,0,1,0.8619932790518544,129,236.49,30507.21,203.38
2023-07-06,7,3,0,1,0.794449393093972,119,229.24,27279.56,181.86
2023-07-07,7,4,1,1,0.8441464114276735,127,260.91,33135.57,220.9
2023-07-08,7,5,1,1,0.8370440948322373,126,234.95,29603.7,197.36
2023-07-09,7,6,0,1,0.8680806431869049,130,222.46,28919.8,192.8
2023-07-10,7,0,0,1,0.8717997243953293,131,218.06,28565.86,190.44
2023-07-11,7,1,0,1,0.7767226694728564,117,225.95,26436.15,176.24
2023-07-12,7,2,0,1,0.7666214558610088,115,220.43,25349.45,169.0
2023-07-13,7,3,0,1,0.8589352283107403,129,223.67,28853.43,192.36
2023-07-14,7,4,1,1,0.8505929213772777,128,265.06,33927.68,226.18
2023-07-15,7,5,1,1,0.8612910463124828,129,248.64,32074.56,213.83
2023-07-16,7,6,0,1,0.8182759287755482,123,228.31,28082.13,187.21
2023-07-17,7,0,0,1,0.7664615246789384,115,223.14,25661.1,171.07
2023-07-18,7,1,0,1,0.7860178792667363,118,225.61,26621.98,177.48
2023-07-19,7,2,0,1,0.7781840194573361,117,225.05,26330.85,175.54
2023-07-20,7,3,0,1,0.8033170836043303,120,228.59,27430.8,182.87
2023-07-21,7,4,1,1,0.9768946410108914,147,259.32,38120.04,254.13
2023-07-22,7,5,1,1,0.9111319850711147,137,263.18,36055.66,240.37
2023-07-23,7,6,0,1,0.8188818711706922,123,227.48,27980.04,186.53
2023-07-24,7,0,0,1,0.6842585182361202,103,229.72,23661.16,157.74
2023-07-25,7,1,0,1,0.7844133949719873,118,215.79,25463.22,169.75
2023-07-26,7,2,0,1,0.7447699933346715,112,224.3,25121.6,167.48
2023-07-27,7,3,0,1,0.7260730456089557,109,232.52,25344.68,168.96
2023-07-28,7,4,1,1,0.8631882720645214,129,256.93,33143.97,220.96
2023-07-29,7,5,1,1,0.8904719101567402,134,251.69,33726.46,224.84
2023-07-30,7,6,0,1,0.8330554010904034,125,232.09,29011.25,193.41
2023-07-31,7,0,0,1,0.7210228298664465,108,228.93,24724.44,164.83
2023-08-01,8,1,0,1,0.7889562321639675,118,234.6,27682.8,184.55
2023-08-02,8,2,0,1,0.7632983776483896,114,227.31,25913.34,172.76
2023-08-03,8,3,0,1,0.7712053863777925,116,222.15,25769.4,171.8
2023-08-04,8,4,1,1,0.9578091241419425,144,252.69,36387.36,242.58
2023-08-05,8,5,1,1,0.9346591965077305,140,226.56,31718.4,211.46
2023-08-06,8,6,0,1,0.8547055218104934,128,228.06,29191.68,194.61
2023-08-07,8,0,0,1,0.7801925242566831,117,195.81,22909.77,152.73
2023-08-08,8,1,0,1,0.7532028694164649,113,211.21,23866.73,159.11
2023-08-09,8,2,0,1,0.776889250936797,117,228.61,26747.37,178.32
2023-08-10,8,3,0,1,0.8002892231252049,120,228.82,27458.4,183.06
2023-08-11,8,4,1,1,0.9170752432651513,138,240.7,33216.6,221.44
2023-08-12,8,5,1,1,0.8541093635116194,128,244.3,31270.4,208.47
2023-08-13,8,6,0,1,0.7929354479855033,119,235.96,28079.24,187.19
2023-08-14,8,0,0,1,0.7999045671918767,120,221.13,26535.6,176.9
2023-08-15,8,1,0,1,0.9144490443424494,137,242.94,33282.78,221.89
2023-08-16,8,2,0,1,0.8824997648106588,132,224.98,29697.36,197.98
2023-08-17,8,3,0,1,0.7460775584994562,112,228.26,25565.12,170.43
2023-08-18,8,4,1,1,0.8944527497307604,134,262.93,35232.62,234.88
2023-08-19,8,5,1,1,0.835732009497191,125,251.05,31381.25,209.21
2023-08-20,8,6,0,1,0.7594509506716887,114,216.98,24735.72,164.9
2023-08-21,8,0,0,1,0.804848743330202,121,224.12,27118.52,180.79
2023-08-22,8,1,0,1,0.8494433659759185,127,224.72,28539.44,190.26
2023-08-23,8,2,0,1,0.7527786848251483,113,214.08,24191.04,161.27
2023-08-24,8,3,0,1,0.7566077464897609,113,222.95,25193.35,167.96
2023-08-25,8,4,1,1,0.8020328087870399,120,244.06,29287.2,195.25
2023-08-26,8,5,1,1,0.9013461560275492,135,257.39,34747.65,231.65
2023-08-27,8,6,0,1,0.7364409232426383,110,225.28,24780.8,165.21
2023-08-28,8,0,0,1,0.7631718642481347,114,222.74,25392.36,169.28
2023-08-29,8,1,0,1,0.7458829884888809,112,224.15,25104.8,167.37
2023-08-30,8,2,0,1,0.7850950914654543,118,226.78,26760.04,178.4
2023-08-31,8,3,0,1,0.7020039913910725,105,229.93,24142.65,160.95
2023-09-01,9,4,1,0,0.6166203404701766,92,197.0,18124.0,120.83
2023-09-02,9,5,1,0,0.7965171501219629,119,196.67,23403.73,156.02
2023-09-03,9,6,0,0,0.5057658572376683,76,188.84,14351.84,95.68
2023-09-04,9,0,0,0,0.5153798991594598,77,176.7,13605.9,90.71
2023-09-05,9,1,0,0,0.6621470462790794,99,168.67,16698.33,111.32
2023-09-06,9,2,0,0,0.715636920105856,107,183.55,19639.85,130.93
2023-09-07,9,3,0,0,0.5118874219833904,77,183.71,14145.67,94.3
2023-09-08,9,4,1,0,0.6721354973660779,101,192.75,19467.75,129.78
2023-09-09,9,5,1,0,0.7077079145333268,106,206.84,21925.04,146.17
2023-09-10,9,6,0,0,0.6571472109874029,99,185.88,18402.12,122.68
2023-09-11,9,0,0,0,0.5214516666265333,78,183.0,14274.0,95.16
2023-09-12,9,1,0,0,0.5586128200316617,84,185.06,15545.04,103.63
2023-09-13,9,2,0,0,0.6098257829126763,91,168.77,15358.07,102.39
2023-09-14,9,3,0,0,0.5927793996137419,89,182.65,16255.85,108.37
2023-09-15,9,4,1,0,0.6723154841097279,101,202.58,20460.58,136.4
2023-09-16,9,5,1,0,0.6845143312262527,103,201.14,20717.42,138.12
2023-09-17,9,6,0,0,0.5025428808143776,75,186.96,14022.0,93.48
2023-09-18,9,0,0,0,0.5594611758149654,84,191.83,16113.72,107.42
2023-09-19,9,1,0,0,0.5581326802940728,84,194.35,16325.4,108.84
2023-09-20,9,2,0,0,0.5831427410566553,87,190.52,16575.24,110.5
2023-09-21,9,3,0,0,0.5438500774152136,82,179.12,14687.84,97.92
2023-09-22,9,4,1,0,0.7152755562642432,107,207.82,22236.74,148.24
2023-09-23,9,5,1,0,0.7424166128087997,111,211.13,23435.43,156.24
2023-09-24,9,6,0,0,0.5796344800820534,87,180.97,15744.39,104.96
2023-09-25,9,0,0,0,0.5895330258994123,88,181.05,15932.4,106.22
2023-09-26,9,1,0,0,0.5746851646391674,86,186.59,16046.74,106.98
2023-09-27,9,2,0,0,0.5721138086956666,86,179.53,15439.58,102.93
2023-09-28,9,3,0,0,0.5361138791447755,80,174.17,13933.6,92.89
2023-09-29,9,4,1,0,0.7080986856864052,106,201.68,21378.08,142.52
2023-09-30,9,5,1,0,0.6874918344628873,103,210.07,21637.21,144.25
2023-10-01,10,6,0,0,0.6770967716109134,102,180.02,18362.04,122.41
2023-10-02,10,0,0,0,0.6511882930689676,98,182.72,17906.56,119.38
2023-10-03,10,1,0,0,0.5918950673538526,89,185.36,16497.04,109.98
2023-10-04,10,2,0,0,0.534532071022111,80,177.0,14160.0,94.4
2023-10-05,10,3,0,0,0.5171465496885004,78,186.05,14511.9,96.75
2023-10-06,10,4,1,0,0.7524064627229365,113,208.03,23507.39,156.72
2023-10-07,10,5,1,0,0.7060689681066721,106,195.12,20682.72,137.88
2023-10-08,10,6,0,0,0.5970208687997176,90,191.54,17238.6,114.92
2023-10-09,10,0,0,0,0.48586659106224933,73,175.99,12847.27,85.65
2023-10-10,10,1,0,0,0.6195500062696899,93,166.76,15508.68,103.39
2023-10-11,10,2,0,0,0.595981290883321,89,171.64,15275.96,101.84
2023-10-12,10,3,0,0,0.5178209315327008,78,171.83,13402.74,89.35
2023-10-13,10,4,1,0,0.6698484171617491,100,205.42,20542.0,136.95
2023-10-14,10,5,1,0,0.7066927095328945,106,202.81,21497.86,143.32
2023-10-15,10,6,0,0,0.5762123810137026,86,177.31,15248.66,101.66
2023-10-16,10,0,0,0,0.5590626735865346,84,184.96,15536.64,103.58
2023-10-17,10,1,0,0,0.5685790112542363,85,182.72,15531.2,103.54
2023-10-18,10,2,0,0,0.561236747528012,84,182.53,15332.52,102.22
2023-10-19,10,3,0,0,0.5815459338243015,87,183.28,15945.36,106.3
2023-10-20,10,4,1,0,0.7675745986496579,115,209.93,24141.95,160.95
2023-10-21,10,5,1,0,0.5657492697342571,85,188.14,15991.9,106.61
2023-10-22,10,6,0,0,0.5623218703361597,84,177.08,14874.72,99.16
2023-10-23,10,0,0,0,0.5830721964110882,87,162.56,14142.72,94.28
2023-10-24,10,1,0,0,0.5891284666076427,88,180.29,15865.52,105.77
2023-10-25,10,2,0,0,0.5558152298380452,83,179.96,14936.68,99.58
2023-10-26,10,3,0,0,0.4866570615610024,73,188.36,13750.28,91.67
2023-10-27,10,4,1,0,0.710975116651459,107,214.5,22951.5,153.01
2023-10-28,10,5,1,0,0.7810250449547846,117,206.62,24174.54,161.16
2023-10-29,10,6,0,0,0.4980466557815904,75,176.0,13200.0,88.0
2023-10-30,10,0,0,0,0.6180133184931287,93,183.88,17100.84,114.01
2023-10-31,10,1,0,0,0.5584778484328965,84,175.78,14765.52,98.44
2023-11-01,11,2,0,1,0.7919200840784206,119,224.99,26773.81,178.49
2023-11-02,11,3,0,1,0.7424235676154876,111,232.89,25850.79,172.34
2023-11-03,11,4,1,1,0.898427876313713,135,245.54,33147.9,220.99
2023-11-04,11,5,1,1,0.98,147,256.45,37698.15,251.32
2023-11-05,11,6,0,1,0.824447830592536,124,230.42,28572.08,190.48
2023-11-06,11,0,0,1,0.8820128405444698,132,217.36,28691.52,191.28
2023-11-07,11,1,0,1,0.8543500465036792,128,232.79,29797.12,198.65
2023-11-08,11,2,0,1,0.8175159777820953,123,230.59,28362.57,189.08
2023-11-09,11,3,0,1,0.882840561924828,132,225.82,29808.24,198.72
2023-11-10,11,4,1,1,0.9376756853341752,141,243.9,34389.9,229.27
2023-11-11,11,5,1,1,0.9572076280179351,144,243.13,35010.72,233.4
2023-11-12,11,6,0,1,0.7810618632821686,117,220.7,25821.9,172.15
2023-11-13,11,0,0,1,0.7992998935326863,120,229.34,27520.8,183.47
2023-11-14,11,1,0,1,0.7611836033555341,114,217.35,24777.9,165.19
2023-11-15,11,2,0,1,0.8456161830311125,127,228.5,29019.5,193.46
2023-11-16,11,3,0,1,0.7373039969264485,111,215.07,23872.77,159.15
2023-11-17,11,4,1,1,0.9554188869838968,143,248.37,35516.91,236.78
2023-11-18,11,5,1,1,0.9068510087685776,136,250.88,34119.68,227.46
2023-11-19,11,6,0,1,0.8550281080980235,128,244.56,31303.68,208.69
2023-11-20,11,0,0,1,0.8340913946420424,125,213.98,26747.5,178.32
2023-11-21,11,1,0,1,0.8876624448686414,133,236.78,31491.74,209.94
2023-11-22,11,2,0,1,0.8332510633240555,125,226.2,28275.0,188.5
2023-11-23,11,3,0,1,0.7181925077652831,108,228.29,24655.32,164.37
2023-11-24,11,4,1,1,0.9135290536838571,137,250.95,34380.15,229.2
2023-11-25,11,5,1,1,0.8583585444798483,129,253.56,32709.24,218.06
2023-11-26,11,6,0,1,0.7711271037720973,116,223.77,25957.32,173.05
2023-11-27,11,0,0,1,0.8726847093350689,131,236.63,30998.53,206.66
2023-11-28,11,1,0,1,0.8290821699969396,124,221.35,27447.4,182.98
2023-11-29,11,2,0,1,0.7623411498039394,114,234.06,26682.84,177.89
2023-11-30,11,3,0,1,0.7466839946916787,112,219.85,24623.2,164.15
2023-12-01,12,4,1,1,0.9190911594383335,138,249.52,34433.76,229.56
2023-12-02,12,5,1,1,0.8567062391062861,129,241.42,31143.18,207.62
2023-12-03,12,6,0,1,0.7640594244863353,115,228.64,26293.6,175.29
2023-12-04,12,0,0,1,0.8132991037145485,122,236.56,28860.32,192.4
2023-12-05,12,1,0,1,0.855546423723143,128,224.38,28720.64,191.47
2023-12-06,12,2,0,1,0.8283010873098521,124,223.42,27704.08,184.69
2023-12-07,12,3,0,1,0.683380730049547,103,216.08,22256.24,148.37
2023-12-08,12,4,1,1,0.9332457337117869,140,248.17,34743.8,231.63
2023-12-09,12,5,1,1,0.9217112677027247,138,237.26,32741.88,218.28
2023-12-10,12,6,0,1,0.8188862950905524,123,217.7,26777.1,178.51
2023-12-11,12,0,0,1,0.8790844566853,132,226.81,29938.92,199.59
2023-12-12,12,1,0,1,0.6951942505433246,104,235.55,24497.2,163.31
2023-12-13,12,2,0,1,0.7688831849048283,115,247.47,28459.05,189.73
2023-12-14,12,3,0,1,0.8280658640848733,124,220.31,27318.44,182.12
2023-12-15,12,4,1,1,0.8395230197533303,126,261.48,32946.48,219.64
2023-12-16,12,5,1,1,0.98,147,251.95,37036.65,246.91
2023-12-17,12,6,0,1,0.8171849539227042,123,223.79,27526.17,183.51
2023-12-18,12,0,0,1,0.8411785143606634,126,228.46,28785.96,191.91
2023-12-19,12,1,0,1,0.7703843237732254,116,225.5,26158.0,174.39
2023-12-20,12,2,0,1,0.8397018831284476,126,225.88,28460.88,189.74
2023-12-21,12,3,0,1,0.8525194682104109,128,221.73,28381.44,189.21
2023-12-22,12,4,1,1,0.9308219831986393,140,238.82,33434.8,222.9
2023-12-23,12,5,1,1,0.9309803186075376,140,237.65,33271.0,221.81
2023-12-24,12,6,0,1,0.812859627717511,122,230.23,28088.06,187.25
2023-12-25,12,0,0,1,0.7562573942972776,113,222.79,25175.27,167.84
2023-12-26,12,1,0,1,0.792130415303051,119,220.23,26207.37,174.72
2023-12-27,12,2,0,1,0.7919629144732725,119,225.07,26783.33,178.56
2023-12-28,12,3,0,1,0.8188409260943872,123,231.36,28457.28,189.72
2023-12-29,12,4,1,1,0.969744637003049,145,251.44,36458.8,243.06
2023-12-30,12,5,1,1,0.8669088123394357,130,244.75,31817.5,212.12
2023-12-31,12,6,0,1,0.7936673567031992,119,234.81,27942.39,186.28
2024-01-01,1,0,0,1,0.8740727773829488,131,237.63,31129.53,207.53
2024-01-02,1,1,0,1,0.7629027803401938,114,228.96,26101.44,174.01
2024-01-03,1,2,0,1,0.7590518826971279,114,232.79,26538.06,176.92
2024-01-04,1,3,0,1,0.8103618849340255,122,234.94,28662.68,191.08
2024-01-05,1,4,1,1,0.9625480266475537,144,259.04,37301.76,248.68
2024-01-06,1,5,1,1,0.9209822616821426,138,254.91,35177.58,234.52
2024-01-07,1,6,0,1,0.866941180206781,130,229.79,29872.7,199.15
2024-01-08,1,0,0,1,0.8434150415940798,127,229.16,29103.32,194.02
2024-01-09,1,1,0,1,0.8427485375910785,126,216.22,27243.72,181.62
2024-01-10,1,2,0,1,0.828445551093602,124,230.61,28595.64,190.64
2024-01-11,1,3,0,1,0.9172045728255235,138,214.15,29552.7,197.02
2024-01-12,1,4,1,1,0.9106460251457389,137,243.64,33378.68,222.52
2024-01-13,1,5,1,1,0.8208101867665374,123,260.43,32032.89,213.55
2024-01-14,1,6,0,1,0.881281211226542,132,231.72,30587.04,203.91
2024-01-15,1,0,0,1,0.7782657133836656,117,236.9,27717.3,184.78
2024-01-16,1,1,0,1,0.8066268989294805,121,222.83,26962.43,179.75
2024-01-17,1,2,0,1,0.8667926027361771,130,215.78,28051.4,187.01
2024-01-18,1,3,0,1,0.7212842832210263,108,223.08,24092.64,160.62
2024-01-19,1,4,1,1,0.8588970913494876,129,250.82,32355.78,215.71
2024-01-20,1,5,1,1,0.8414977469796737,126,250.63,31579.38,210.53
2024-01-21,1,6,0,1,0.7619370211151671,114,234.07,26683.98,177.89
2024-01-22,1,0,0,1,0.82370785769811,124,222.11,27541.64,183.61
2024-01-23,1,1,0,1,0.8280176113187208,124,227.82,28249.68,188.33
2024-01-24,1,2,0,1,0.8157041199253318,122,217.09,26484.98,176.57
2024-01-25,1,3,0,1,0.7313343085451077,110,228.6,25146.0,167.64
2024-01-26,1,4,1,1,0.8065496226889157,121,250.02,30252.42,201.68
2024-01-27,1,5,1,1,0.924854665570889,139,244.0,33916.0,226.11
2024-01-28,1,6,0,1,0.778630376400275,117,223.11,26103.87,174.03
2024-01-29,1,0,0,1,0.8252706584488443,124,223.53,27717.72,184.78
2024-01-30,1,1,0,1,0.8374812429548991,126,222.84,28077.84,187.19
2024-01-31,1,2,0,1,0.8093778250275916,121,239.17,28939.57,192.93
2024-02-01,2,3,0,1,0.8405545994742721,126,224.21,28250.46,188.34
2024-02-02,2,4,1,1,0.9340907056920548,140,248.05,34727.0,231.51
2024-02-03,2,5,1,1,0.9492155640471966,142,233.22,33117.24,220.78
2024-02-04,2,6,0,1,0.7675608574044511,115,217.85,25052.75,167.02
2024-02-05,2,0,0,1,0.7938961416371942,119,222.9,26525.1,176.83
2024-02-06,2,1,0,1,0.8127977089424369,122,219.51,26780.22,178.53
2024-02-07,2,2,0,1,0.8440675196612819,127,236.05,29978.35,199.86
2024-02-08,2,3,0,1,0.7834362290600042,118,223.68,26394.24,175.96
2024-02-09,2,4,1,1,0.9492638422386604,142,260.31,36964.02,246.43
2024-02-10,2,5,1,1,0.9099957316371078,136,250.49,34066.64,227.11
2024-02-11,2,6,0,1,0.7974927546472921,120,225.3,27036.0,180.24
2024-02-12,2,0,0,1,0.8449280068957242,127,224.29,28484.83,189.9
2024-02-13,2,1,0,1,0.7038812280226346,106,225.03,23853.18,159.02
2024-02-14,2,2,0,1,0.7387928219524263,111,238.75,26501.25,176.68
2024-02-15,2,3,0,1,0.7295893602648452,109,206.44,22501.96,150.01
2024-02-16,2,4,1,1,0.8071000159253929,121,233.99,28312.79,188.75
2024-02-17,2,5,1,1,0.8899497916908713,133,245.65,32671.45,217.81
2024-02-18,2,6,0,1,0.8414169004658391,126,225.12,28365.12,189.1
2024-02-19,2,0,0,1,0.7897831939411452,118,230.52,27201.36,181.34
2024-02-20,2,1,0,1,0.8139990931381885,122,228.78,27911.16,186.07
2024-02-21,2,2,0,1,0.8586526556574574,129,221.93,28628.97,190.86
2024-02-22,2,3,0,1,0.8706582792161243,131,233.15,30542.65,203.62
2024-02-23,2,4,1,1,0.9208992676472546,138,258.24,35637.12,237.58
2024-02-24,2,5,1,1,0.98,147,251.47,36966.09,246.44
2024-02-25,2,6,0,1,0.809126880866911,121,232.7,28156.7,187.71
2024-02-26,2,0,0,1,0.7627328285346543,114,227.18,25898.52,172.66
2024-02-27,2,1,0,1,0.7749649138969126,116,220.51,25579.16,170.53
2024-02-28,2,2,0,1,0.7307402976594204,110,230.58,25363.8,169.09
2024-02-29,2,3,0,1,0.7604426223818106,114,225.88,25750.32,171.67
2024-03-01,3,4,1,0,0.6870306724455937,103,205.01,21116.03,140.77
2024-03-02,3,5,1,0,0.7451929495990671,112,216.78,24279.36,161.86
2024-03-03,3,6,0,0,0.6711343819692582,101,160.39,16199.39,108.0
2024-03-04,3,0,0,0,0.516069006422929,77,168.66,12986.82,86.58
2024-03-05,3,1,0,0,0.6049016473855988,91,170.5,15515.5,103.44
2024-03-06,3,2,0,0,0.533315268795548,80,177.09,14167.2,94.45
2024-03-07,3,3,0,0,0.6091595119574068,91,177.96,16194.36,107.96
2024-03-08,3,4,1,0,0.6989525167806823,105,192.94,20258.7,135.06
2024-03-09,3,5,1,0,0.614043749803514,92,197.12,18135.04,120.9
2024-03-10,3,6,0,0,0.6320860824551366,95,173.11,16445.45,109.64
2024-03-11,3,0,0,0,0.5555033890170977,83,199.66,16571.78,110.48
2024-03-12,3,1,0,0,0.5591406045196785,84,194.41,16330.44,108.87
2024-03-13,3,2,0,0,0.5324301876546936,80,176.71,14136.8,94.25
2024-03-14,3,3,0,0,0.5532858361656223,83,177.09,14698.47,97.99
2024-03-15,3,4,1,0,0.7274767138155679,109,195.81,21343.29,142.29
2024-03-16,3,5,1,0,0.6967021665148236,105,189.73,19921.65,132.81
2024-03-17,3,6,0,0,0.6026796754565898,90,179.06,16115.4,107.44
2024-03-18,3,0,0,0,0.6044248598197299,91,172.02,15653.82,104.36
2024-03-19,3,1,0,0,0.652444041680518,98,179.32,17573.36,117.16
2024-03-20,3,2,0,0,0.5693538431417126,85,167.2,14212.0,94.75
2024-03-21,3,3,0,0,0.5127324516234669,77,173.9,13390.3,89.27
2024-03-22,3,4,1,0,0.7600186550751745,114,206.19,23505.66,156.7
2024-03-23,3,5,1,0,0.6901653174225346,104,207.93,21624.72,144.16
2024-03-24,3,6,0,0,0.642551540037088,96,183.34,17600.64,117.34
2024-03-25,3,0,0,0,0.6060729652481647,91,169.44,15419.04,102.79
2024-03-26,3,1,0,0,0.5804294248596958,87,186.84,16255.08,108.37
2024-03-27,3,2,0,0,0.6045072878529998,91,173.6,15797.6,105.32
2024-03-28,3,3,0,0,0.6847013129378219,103,185.06,19061.18,127.07
2024-03-29,3,4,1,0,0.8110819031650165,122,204.91,24999.02,166.66
2024-03-30,3,5,1,0,0.7107841252497896,107,193.99,20756.93,138.38
2024-03-31,3,6,0,0,0.5954067899398264,89,177.47,15794.83,105.3
2024-04-01,4,0,0,0,0.6412914599281139,96,182.92,17560.32,117.07
2024-04-02,4,1,0,0,0.5452785921972492,82,184.9,15161.8,101.08
2024-04-03,4,2,0,0,0.6042973542473512,91,178.87,16277.17,108.51
2024-04-04,4,3,0,0,0.5864328849995675,88,192.25,16918.0,112.79
2024-04-05,4,4,1,0,0.7235036297509599,109,213.06,23223.54,154.82
2024-04-06,4,5,1,0,0.6662219706614338,100,202.95,20295.0,135.3
2024-04-07,4,6,0,0,0.5084942280742776,76,186.0,14136.0,94.24
2024-04-08,4,0,0,0,0.4844056227209834,73,195.47,14269.31,95.13
2024-04-09,4,1,0,0,0.5322677806518895,80,195.68,15654.4,104.36
2024-04-10,4,2,0,0,0.5652854138352251,85,170.18,14465.3,96.44
2024-04-11,4,3,0,0,0.5736417905305756,86,172.59,14842.74,98.95
2024-04-12,4,4,1,0,0.8052451197653114,121,216.88,26242.48,174.95
2024-04-13,4,5,1,0,0.7637654219200225,115,196.53,22600.95,150.67
2024-04-14,4,6,0,0,0.5404433893883981,81,169.42,13723.02,91.49
2024-04-15,4,0,0,0,0.6060155596088492,91,176.11,16026.01,106.84
2024-04-16,4,1,0,0,0.5683584169496071,85,183.36,15585.6,103.9
2024-04-17,4,2,0,0,0.5745763286459404,86,179.18,15409.48,102.73
2024-04-18,4,3,0,0,0.5981429947995363,90,174.8,15732.0,104.88
2024-04-19,4,4,1,0,0.7399174599583587,111,199.61,22156.71,147.71
2024-04-20,4,5,1,0,0.6920781716962102,104,199.3,20727.2,138.18
2024-04-21,4,6,0,0,0.6423158643079508,96,172.96,16604.16,110.69
2024-04-22,4,0,0,0,0.5321085681449346,80,198.25,15860.0,105.73
2024-04-23,4,1,0,0,0.5896046243509901,88,182.38,16049.44,107.0
2024-04-24,4,2,0,0,0.7192535493434903,108,187.09,20205.72,134.7
2024-04-25,4,3,0,0,0.6006060419257844,90,176.09,15848.1,105.65
2024-04-26,4,4,1,0,0.7811949719056511,117,203.51,23810.67,158.74
2024-04-27,4,5,1,0,0.7141924472648248,107,199.29,21324.03,142.16
2024-04-28,4,6,0,0,0.6187374849034761,93,158.79,14767.47,98.45
2024-04-29,4,0,0,0,0.5869416621981737,88,168.98,14870.24,99.13
2024-04-30,4,1,0,0,0.5813426346404199,87,165.52,14400.24,96.0
2024-05-01,5,2,0,0,0.5509710856431811,83,162.0,13446.0,89.64
2024-05-02,5,3,0,0,0.6115424652081516,92,170.44,15680.48,104.54
2024-05-03,5,4,1,0,0.6675327295818075,100,215.6,21560.0,143.73
2024-05-04,5,5,1,0,0.7434710426375892,112,204.64,22919.68,152.8
2024-05-05,5,6,0,0,0.6445383228250352,97,190.32,18461.04,123.07
2024-05-06,5,0,0,0,0.6086827347454231,91,183.29,16679.39,111.2
2024-05-07,5,1,0,0,0.576125919486599,86,186.26,16018.36,106.79
2024-05-08,5,2,0,0,0.6132188269106402,92,172.79,15896.68,105.98
2024-05-09,5,3,0,0,0.5751690869487067,86,184.19,15840.34,105.6
2024-05-10,5,4,1,0,0.7574622877801067,114,210.83,24034.62,160.23
2024-05-11,5,5,1,0,0.6191968190769152,93,200.39,18636.27,124.24
2024-05-12,5,6,0,0,0.5740689466625609,86,184.48,15865.28,105.77
2024-05-13,5,0,0,0,0.49139090709311517,74,184.53,13655.22,91.03
2024-05-14,5,1,0,0,0.5162606571187769,77,175.6,13521.2,90.14
2024-05-15,5,2,0,0,0.6592890019016544,99,171.02,16930.98,112.87
2024-05-16,5,3,0,0,0.6359373312903652,95,170.53,16200.35,108.0
2024-05-17,5,4,1,0,0.6752862623083633,101,205.69,20774.69,138.5
2024-05-18,5,5,1,0,0.6362172929513799,95,207.62,19723.9,131.49
2024-05-19,5,6,0,0,0.4431982156421641,66,173.66,11461.56,76.41
2024-05-20,5,0,0,0,0.5643320739184369,85,180.21,15317.85,102.12
2024-05-21,5,1,0,0,0.7126097917082607,107,184.56,19747.92,131.65
2024-05-22,5,2,0,0,0.6134154464498948,92,184.95,17015.4,113.44
2024-05-23,5,3,0,0,0.5637748103550598,85,192.42,16355.7,109.04
2024-05-24,5,4,1,0,0.7350896269133715,110,215.22,23674.2,157.83
2024-05-25,5,5,1,0,0.633869890569456,95,196.99,18714.05,124.76
2024-05-26,5,6,0,0,0.5771338318651184,87,193.47,16831.89,112.21
2024-05-27,5,0,0,0,0.5970560654316089,90,175.75,15817.5,105.45
2024-05-28,5,1,0,0,0.5878593509705915,88,188.36,16575.68,110.5
2024-05-29,5,2,0,0,0.6317868814269698,95,180.54,17151.3,114.34
2024-05-30,5,3,0,0,0.6095610284350904,91,176.7,16079.7,107.2
2024-05-31,5,4,1,0,0.7458272598095095,112,190.54,21340.48,142.27
2024-06-01,6,5,1,1,0.8980745365733935,135,248.63,33565.05,223.77
2024-06-02,6,6,0,1,0.8574661128862808,129,212.52,27415.08,182.77
2024-06-03,6,0,0,1,0.894104381627775,134,232.74,31187.16,207.91
2024-06-04,6,1,0,1,0.7642322500448266,115,237.13,27269.95,181.8
2024-06-05,6,2,0,1,0.7684371350224912,115,218.62,25141.3,167.61
2024-06-06,6,3,0,1,0.8796933264050528,132,227.42,30019.44,200.13
2024-06-07,6,4,1,1,0.92341910203511,139,244.2,33943.8,226.29
2024-06-08,6,5,1,1,0.98,147,244.97,36010.59,240.07
2024-06-09,6,6,0,1,0.7910238993368977,119,231.2,27512.8,183.42
2024-06-10,6,0,0,1,0.8859851555258643,133,224.69,29883.77,199.23
2024-06-11,6,1,0,1,0.8198893593334233,123,238.92,29387.16,195.91
2024-06-12,6,2,0,1,0.8263087014401074,124,221.14,27421.36,182.81
2024-06-13,6,3,0,1,0.8917153531382898,134,232.99,31220.66,208.14
2024-06-14,6,4,1,1,0.9154731199634079,137,250.78,34356.86,229.05
2024-06-15,6,5,1,1,0.8865877308201905,133,256.37,34097.21,227.31
2024-06-16,6,6,0,1,0.7912978169958426,119,221.42,26348.98,175.66
2024-06-17,6,0,0,1,0.8364249167102391,125,224.6,28075.0,187.17
2024-06-18,6,1,0,1,0.7356024573498784,110,224.08,24648.8,164.33
2024-06-19,6,2,0,1,0.8458461478722821,127,218.31,27725.37,184.84
2024-06-20,6,3,0,1,0.7871162286396608,118,230.3,27175.4,181.17
2024-06-21,6,4,1,1,0.98,147,255.2,37514.4,250.1
2024-06-22,6,5,1,1,0.8145061628371681,122,254.75,31079.5,207.2
2024-06-23,6,6,0,1,0.7749730811078053,116,237.3,27526.8,183.51
2024-06-24,6,0,0,1,0.7300601540821305,110,236.59,26024.9,173.5
2024-06-25,6,1,0,1,0.7731542801064599,116,222.0,25752.0,171.68
2024-06-26,6,2,0,1,0.8269312402609266,124,227.98,28269.52,188.46
2024-06-27,6,3,0,1,0.8056688057138136,121,220.01,26621.21,177.47
2024-06-28,6,4,1,1,0.9220434503197226,138,250.19,34526.22,230.17
2024-06-29,6,5,1,1,0.9268352769789422,139,245.2,34082.8,227.22
2024-06-30,6,6,0,1,0.8250461243597643,124,237.96,29507.04,196.71
2024-07-01,7,0,0,1,0.7645321020124336,115,227.91,26209.65,174.73
2024-07-02,7,1,0,1,0.8503835779353635,128,223.26,28577.28,190.52
2024-07-03,7,2,0,1,0.848256586190507,127,234.55,29787.85,198.59
2024-07-04,7,3,0,1,0.8344573763348598,125,207.64,25955.0,173.03
2024-07-05,7,4,1,1,0.9631143433704399,144,233.89,33680.16,224.53
2024-07-06,7,5,1,1,0.9501907630541316,143,256.37,36660.91,244.41
2024-07-07,7,6,0,1,0.9172057199310739,138,225.48,31116.24,207.44
2024-07-08,7,0,0,1,0.8111795380227169,122,227.0,27694.0,184.63
2024-07-09,7,1,0,1,0.8002622774394356,120,214.39,25726.8,171.51
2024-07-10,7,2,0,1,0.7780222511191174,117,224.81,26302.77,175.35
2024-07-11,7,3,0,1,0.7641676883889164,115,241.03,27718.45,184.79
2024-07-12,7,4,1,1,0.8736394243185763,131,256.59,33613.29,224.09
2024-07-13,7,5,1,1,0.8915053398179061,134,251.36,33682.24,224.55
2024-07-14,7,6,0,1,0.8124933781776704,122,221.49,27021.78,180.15
2024-07-15,7,0,0,1,0.8328243454659816,125,221.84,27730.0,184.87
2024-07-16,7,1,0,1,0.8187488837495259,123,207.97,25580.31,170.54
2024-07-17,7,2,0,1,0.7779972087312541,117,227.06,26566.02,177.11
2024-07-18,7,3,0,1,0.8613653925845598,129,231.76,29897.04,199.31
2024-07-19,7,4,1,1,0.9734089897794309,146,237.4,34660.4,231.07
2024-07-20,7,5,1,1,0.9285381325741046,139,244.71,34014.69,226.76
2024-07-21,7,6,0,1,0.7839569324927917,118,215.74,25457.32,169.72
2024-07-22,7,0,0,1,0.8441063275483393,127,217.28,27594.56,183.96
2024-07-23,7,1,0,1,0.8261658026619765,124,225.43,27953.32,186.36
2024-07-24,7,2,0,1,0.7444429520977407,112,208.32,23331.84,155.55
2024-07-25,7,3,0,1,0.8135324940500948,122,229.91,28049.02,186.99
2024-07-26,7,4,1,1,0.950115489233856,143,256.03,36612.29,244.08
2024-07-27,7,5,1,1,0.8921111510865712,134,247.99,33230.66,221.54
2024-07-28,7,6,0,1,0.8266702518336531,124,205.15,25438.6,169.59
2024-07-29,7,0,0,1,0.7445191497097132,112,217.03,24307.36,162.05
2024-07-30,7,1,0,1,0.8841517707540333,133,234.86,31236.38,208.24
2024-07-31,7,2,0,1,0.8798221567872182,132,202.78,26766.96,178.45
2024-08-01,8,3,0,1,0.8048809825999204,121,222.22,26888.62,179.26
2024-08-02,8,4,1,1,0.9557617579878441,143,240.56,34400.08,229.33
2024-08-03,8,5,1,1,0.8171751345867186,123,256.44,31542.12,210.28
2024-08-04,8,6,0,1,0.7599360416442676,114,219.6,25034.4,166.9
2024-08-05,8,0,0,1,0.8031466704307497,120,228.23,27387.6,182.58
2024-08-06,8,1,0,1,0.7643111571478352,115,229.52,26394.8,175.97
2024-08-07,8,2,0,1,0.853719824131533,128,239.69,30680.32,204.54
2024-08-08,8,3,0,1,0.9179470183182217,138,223.38,30826.44,205.51
2024-08-09,8,4,1,1,0.8793336475901787,132,253.01,33397.32,222.65
2024-08-10,8,5,1,1,0.8963734051382062,134,238.12,31908.08,212.72
2024-08-11,8,6,0,1,0.8301011855387842,125,234.52,29315.0,195.43
2024-08-12,8,0,0,1,0.8989667663290907,135,218.92,29554.2,197.03
2024-08-13,8,1,0,1,0.7573744350579364,114,220.51,25138.14,167.59
2024-08-14,8,2,0,1,0.8310271485811006,125,224.82,28102.5,187.35
2024-08-15,8,3,0,1,0.9097224767872308,136,212.5,28900.0,192.67
2024-08-16,8,4,1,1,0.8561517686184339,128,251.83,32234.24,214.89
2024-08-17,8,5,1,1,0.8747684574659276,131,257.74,33763.94,225.09
2024-08-18,8,6,0,1,0.7977237792659992,120,227.34,27280.8,181.87
2024-08-19,8,0,0,1,0.7929568807270925,119,212.29,25262.51,168.42
2024-08-20,8,1,0,1,0.8596985575383672,129,224.01,28897.29,192.65
2024-08-21,8,2,0,1,0.8312336709225487,125,230.94,28867.5,192.45
2024-08-22,8,3,0,1,0.7304847737302224,110,209.98,23097.8,153.99
2024-08-23,8,4,1,1,0.9650855886381913,145,241.4,35003.0,233.35
2024-08-24,8,5,1,1,0.9105203159061901,137,257.01,35210.37,234.74
2024-08-25,8,6,0,1,0.8832018129018565,132,227.16,29985.12,199.9
2024-08-26,8,0,0,1,0.7881822670137705,118,228.3,26939.4,179.6
2024-08-27,8,1,0,1,0.7878130714613266,118,239.88,28305.84,188.71
2024-08-28,8,2,0,1,0.8467826079374868,127,228.75,29051.25,193.68
2024-08-29,8,3,0,1,0.857954543294929,129,230.26,29703.54,198.02
2024-08-30,8,4,1,1,0.9622953791557143,144,271.69,39123.36,260.82
2024-08-31,8,5,1,1,0.8556927368704856,128,248.29,31781.12,211.87
2024-09-01,9,6,0,0,0.6269565165169606,94,173.62,16320.28,108.8
2024-09-02,9,0,0,0,0.5484215837176499,82,183.42,15040.44,100.27
2024-09-03,9,1,0,0,0.611982983661605,92,183.51,16882.92,112.55
2024-09-04,9,2,0,0,0.5291146480930607,79,175.79,13887.41,92.58
2024-09-05,9,3,0,0,0.6226996690209888,93,171.74,15971.82,106.48
2024-09-06,9,4,1,0,0.680135808209289,102,223.48,22794.96,151.97
2024-09-07,9,5,1,0,0.6564162126924534,98,207.61,20345.78,135.64
2024-09-08,9,6,0,0,0.6363211438104214,95,174.14,16543.3,110.29
2024-09-09,9,0,0,0,0.6127945548509609,92,187.33,17234.36,114.9
2024-09-10,9,1,0,0,0.5700956804783004,86,179.13,15405.18,102.7
2024-09-11,9,2,0,0,0.6734356547798204,101,177.98,17975.98,119.84
2024-09-12,9,3,0,0,0.5789262830311019,87,184.5,16051.5,107.01
2024-09-13,9,4,1,0,0.7226464795889577,108,194.66,21023.28,140.16
2024-09-14,9,5,1,0,0.7345689600551629,110,207.82,22860.2,152.4
2024-09-15,9,6,0,0,0.5702221827456242,86,195.3,16795.8,111.97
2024-09-16,9,0,0,0,0.6248444859028732,94,183.73,17270.62,115.14
2024-09-17,9,1,0,0,0.5746972456554624,86,176.99,15221.14,101.47
2024-09-18,9,2,0,0,0.5808701386837101,87,175.94,15306.78,102.05
2024-09-19,9,3,0,0,0.6696663785655096,100,176.72,17672.0,117.81
2024-09-20,9,4,1,0,0.6695871357305427,100,202.97,20297.0,135.31
2024-09-21,9,5,1,0,0.6010596135905117,90,201.98,18178.2,121.19
2024-09-22,9,6,0,0,0.682327671668403,102,187.33,19107.66,127.38
2024-09-23,9,0,0,0,0.7293294113289803,109,166.13,18108.17,120.72
2024-09-24,9,1,0,0,0.5816817422069854,87,186.9,16260.3,108.4
2024-09-25,9,2,0,0,0.5051854952292647,76,176.96,13448.96,89.66
2024-09-26,9,3,0,0,0.5865853902312987,88,183.02,16105.76,107.37
2024-09-27,9,4,1,0,0.7078806333298844,106,195.98,20773.88,138.49
2024-09-28,9,5,1,0,0.7127777805516269,107,215.63,23072.41,153.82
2024-09-29,9,6,0,0,0.5466867622874693,82,189.97,15577.54,103.85
2024-09-30,9,0,0,0,0.6314164132882074,95,187.68,17829.6,118.86
2024-10-01,10,1,0,0,0.6287459167095097,94,167.88,15780.72,105.2
2024-10-02,10,2,0,0,0.5278824587350621,79,186.63,14743.77,98.29
2024-10-03,10,3,0,0,0.6376447680915938,96,183.24,17591.04,117.27
2024-10-04,10,4,1,0,0.8254013723849658,124,192.16,23827.84,158.85
2024-10-05,10,5,1,0,0.7314473316903461,110,204.81,22529.1,150.19
2024-10-06,10,6,0,0,0.5860652487458897,88,182.92,16096.96,107.31
2024-10-07,10,0,0,0,0.5959135379097609,89,184.45,16416.05,109.44
2024-10-08,10,1,0,0,0.633858728759387,95,181.42,17234.9,114.9
2024-10-09,10,2,0,0,0.5166445019164199,77,182.33,14039.41,93.6
2024-10-10,10,3,0,0,0.6114798091214678,92,191.79,17644.68,117.63
2024-10-11,10,4,1,0,0.7038192682802842,106,214.81,22769.86,151.8
2024-10-12,10,5,1,0,0.815815908182049,122,182.06,22211.32,148.08
2024-10-13,10,6,0,0,0.5947982126248207,89,177.46,15793.94,105.29
2024-10-14,10,0,0,0,0.6869834216518664,103,178.68,18404.04,122.69
2024-10-15,10,1,0,0,0.548484197987612,82,165.98,13610.36,90.74
2024-10-16,10,2,0,0,0.6331163829976739,95,180.75,17171.25,114.48
2024-10-17,10,3,0,0,0.6198056296279177,93,189.99,17669.07,117.79
2024-10-18,10,4,1,0,0.680465445825939,102,196.31,20023.62,133.49
2024-10-19,10,5,1,0,0.7328698057318471,110,207.69,22845.9,152.31
2024-10-20,10,6,0,0,0.664708133622402,100,172.67,17267.0,115.11
2024-10-21,10,0,0,0,0.5879747983473139,88,174.62,15366.56,102.44
2024-10-22,10,1,0,0,0.5196484428839777,78,191.82,14961.96,99.75
2024-10-23,10,2,0,0,0.6034506257994154,91,175.66,15985.06,106.57
2024-10-24,10,3,0,0,0.559289804164484,84,183.7,15430.8,102.87
2024-10-25,10,4,1,0,0.7073761037517374,106,190.03,20143.18,134.29
2024-10-26,10,5,1,0,0.7204959539814975,108,219.9,23749.2,158.33
2024-10-27,10,6,0,0,0.5193749234457996,78,184.82,14415.96,96.11
2024-10-28,10,0,0,0,0.5239568090613634,79,178.54,14104.66,94.03
2024-10-29,10,1,0,0,0.6289252595844955,94,184.6,17352.4,115.68
2024-10-30,10,2,0,0,0.5787681747805572,87,168.72,14678.64,97.86
2024-10-31,10,3,0,0,0.4767490842788347,72,189.46,13641.12,90.94
2024-11-01,11,4,1,1,0.98,147,247.41,36369.27,242.46
2024-11-02,11,5,1,1,0.9587691726952189,144,248.37,35765.28,238.44
2024-11-03,11,6,0,1,0.7895391355105046,118,221.07,26086.26,173.91
2024-11-04,11,0,0,1,0.7594735579402386,114,220.35,25119.9,167.47
2024-11-05,11,1,0,1,0.8671876550896895,130,230.56,29972.8,199.82
2024-11-06,11,2,0,1,0.842946983182816,126,227.05,28608.3,190.72
2024-11-07,11,3,0,1,0.9446917579698202,142,230.21,32689.82,217.93
2024-11-08,11,4,1,1,0.9666532655526853,145,249.93,36239.85,241.6
2024-11-09,11,5,1,1,0.965111184460361,145,254.11,36845.95,245.64
2024-11-10,11,6,0,1,0.817461822672654,123,221.65,27262.95,181.75
2024-11-11,11,0,0,1,0.8667292043189437,130,242.84,31569.2,210.46
2024-11-12,11,1,0,1,0.8572268628021338,129,212.46,27407.34,182.72
2024-11-13,11,2,0,1,0.8886410449488077,133,235.09,31266.97,208.45
2024-11-14,11,3,0,1,0.8000708403695056,120,235.94,28312.8,188.75
2024-11-15,11,4,1,1,0.9244488044349937,139,243.18,33802.02,225.35
2024-11-16,11,5,1,1,0.9223462113174147,138,267.83,36960.54,246.4
2024-11-17,11,6,0,1,0.8659236477027851,130,232.96,30284.8,201.9
2024-11-18,11,0,0,1,0.9013844754394942,135,232.77,31423.95,209.49
2024-11-19,11,1,0,1,0.8036059205480144,121,225.22,27251.62,181.68
2024-11-20,11,2,0,1,0.8053914505966469,121,223.26,27014.46,180.1
2024-11-21,11,3,0,1,0.8424161899606133,126,223.32,28138.32,187.59
2024-11-22,11,4,1,1,0.9345064455473001,140,253.12,35436.8,236.25
2024-11-23,11,5,1,1,0.98,147,261.21,38397.87,255.99
2024-11-24,11,6,0,1,0.7143700395786368,107,226.45,24230.15,161.53
2024-11-25,11,0,0,1,0.7857058435445663,118,217.71,25689.78,171.27
2024-11-26,11,1,0,1,0.7880024709731606,118,231.6,27328.8,182.19
2024-11-27,11,2,0,1,0.7111876788327476,107,232.37,24863.59,165.76
2024-11-28,11,3,0,1,0.7791057490144365,117,230.24,26938.08,179.59
2024-11-29,11,4,1,1,0.9016120572214024,135,255.96,34554.6,230.36
2024-11-30,11,5,1,1,0.937396822068579,141,247.83,34944.03,232.96
2024-12-01,12,6,0,1,0.8831825411583556,132,217.57,28719.24,191.46
2024-12-02,12,0,0,1,0.8153634057966292,122,218.05,26602.1,177.35
2024-12-03,12,1,0,1,0.7761579441234286,116,211.92,24582.72,163.88
2024-12-04,12,2,0,1,0.8249330948571317,124,226.9,28135.6,187.57
2024-12-05,12,3,0,1,0.8803216947706975,132,224.33,29611.56,197.41
2024-12-06,12,4,1,1,0.8991472646737068,135,246.48,33274.8,221.83
2024-12-07,12,5,1,1,0.9024986530642015,135,226.36,30558.6,203.72
2024-12-08,12,6,0,1,0.856037037004807,128,215.02,27522.56,183.48
2024-12-09,12,0,0,1,0.8171149750353778,123,233.97,28778.31,191.86
2024-12-10,12,1,0,1,0.8606482071382134,129,219.68,28338.72,188.92
2024-12-11,12,2,0,1,0.8276738247937968,124,227.88,28257.12,188.38
2024-12-12,12,3,0,1,0.8635215385688619,130,213.87,27803.1,185.35
2024-12-13,12,4,1,1,0.8967666422431734,135,261.51,35303.85,235.36
2024-12-14,12,5,1,1,0.947998507186614,142,248.85,35336.7,235.58
2024-12-15,12,6,0,1,0.8181504307886914,123,227.32,27960.36,186.4
2024-12-16,12,0,0,1,0.7679725770824647,115,243.61,28015.15,186.77
2024-12-17,12,1,0,1,0.7506754176750587,113,237.13,26795.69,178.64
2024-12-18,12,2,0,1,0.8632189586130481,129,222.55,28708.95,191.39
2024-12-19,12,3,0,1,0.8114660795192381,122,220.25,26870.5,179.14
2024-12-20,12,4,1,1,0.8979818763285924,135,247.4,33399.0,222.66
2024-12-21,12,5,1,1,0.9443691353456142,142,254.08,36079.36,240.53
2024-12-22,12,6,0,1,0.8856612168400678,133,224.16,29813.28,198.76
2024-12-23,12,0,0,1,0.7153055734848285,107,221.84,23736.88,158.25
2024-12-24,12,1,0,1,0.7545927230390802,113,236.74,26751.62,178.34
2024-12-25,12,2,0,1,0.7833625272203051,118,224.09,26442.62,176.28
2024-12-26,12,3,0,1,0.9026479844319069,135,243.4,32859.0,219.06
2024-12-27,12,4,1,1,0.9638005820226772,145,250.73,36355.85,242.37
2024-12-28,12,5,1,1,0.98,147,264.28,38849.16,258.99
2024-12-29,12,6,0,1,0.7728275704820448,116,227.86,26431.76,176.21
2024-12-30,12,0,0,1,0.7739410144556518,116,232.7,26993.2,179.95
2024-12-31,12,1,0,1,0.8523906858361356,128,219.2,28057.6,187.05
